[
  {
    "id": "g01",
    "title": "The Beacon",
    "image": "Images/beacon.jpg",
    "alt": "Beacon",
    "specs": "2025 - Oil paint on canvas board",
    "dimensions": "33cm h × 75cm w",
    "text": "Text to be added."
  },
  {
    "id": "g02",
    "title": "Android",
    "image": "Images/android.jpg",
    "alt": "Android",
    "specs": "2026 - Oil paint on canvas board",
    "dimensions": "60cm h × 40cm w",
    "text": "Text to be added."
  },
  {
    "id": "g03",
    "title": "Rest In Peace",
    "image": "Images/rest.jpg",
    "alt": "Rest In Peace",
    "specs": "2025 - Oil paint on canvas board",
    "dimensions": "58cm h × 77cm w",
    "text": "Text to be added."
  },
  {
    "id": "g04",
    "title": "Ghost of Old Park Hill",
    "image": "Images/ghosts.jpg",
    "alt": "Ghosts of Old Park Hill",
    "specs": "2024 - Oil paint on canvas board",
    "dimensions": "41cm h × 85cm w",
    "text": "Text to be added."
  },
  {
    "id": "g05",
    "title": "One For Sorrow",
    "image": "Images/one.jpg",
    "alt": "One For Sorrow",
    "specs": "2025 - Graphite pencil on paper",
    "dimensions": "46cm h × 38cm w",
    "text": "Text to be added."
  },
  {
    "id": "g06",
    "title": "Death",
    "image": "Images/death.jpg",
    "alt": "Death",
    "specs": "2023 -Acrylic paint on canvas board",
    "dimensions": "60cm h × 40cm w",
    "text": "Text to be added."
  },
  {
    "id": "g07",
    "title": "It's a Halfpenny Green Moon",
    "image": "Images/its.jpg",
    "alt": "Its a Halfpenny Gteen Moon",
    "specs": "2025 - Oil paint on canvas board",
    "dimensions": "47cm h × 40cm w",
    "text": "Text to be added."
  },
  {
    "id": "g08",
    "title": "Big Boy",
    "image": "Images/big.jpg",
    "alt": "Big Bot",
    "specs": "2025 - Graphite pencil on paper",
    "dimensions": "34cm h × 28cm w",
    "text": "Text to be added."
  },
  {
    "id": "g09",
    "title": "Home is North",
    "image": "Images/home.jpg",
    "alt": "Home is North",
    "specs": "2023 - Oil paint on canvas board",
    "dimensions": "38cm h × 50cm w",
    "text": "Text to be added."
  },
  {
    "id": "g10",
    "title": "Defiled",
    "image": "Images/defiled.jpg",
    "alt": "Defiled",
    "specs": "2025 - Graphite pencil on paper",
    "dimensions": "40cm h × 40cm w",
    "text": "Text to be added."
  },
  {
    "id": "g11",
    "title": "Thinking of Chris",
    "image": "Images/think.jpg",
    "alt": "Thinking of Chris",
    "specs": "2024 - Oil paint on canvas board",
    "dimensions": "55cm h × 35cm w",
    "text": "Text to be added."
  },
  {
    "id": "g12",
    "title": "Rapscallions",
    "image": "Images/raps.jpg",
    "alt": "Rapscallions",
    "specs": "2023 - Oil paint on canvas board",
    "dimensions": "45cm h × 60cm w",
    "text": "Text to be added."
  },
  {
    "id": "g13",
    "title": "Wanker",
    "image": "Images/wanker.jpg",
    "alt": "Wanker",
    "specs": "2023 - Graphite pencil on paper",
    "dimensions": "40cm h × 29cm w",
    "text": "Text to be added."
  },
  {
    "id": "g14",
    "title": "Sonja",
    "image": "Images/sonja.jpg",
    "alt": "Sonja",
    "specs": "1972 - Ball-point pen on paper",
    "dimensions": "22cm h × 17cm w",
    "text": "Text to be added."
  }
]